Number,CostCentre,,,
'01227360762,TTH,,,
'01227363383,54S,,,
'01227373428,TTH,,,
'01227379032,237,,,
'01227379043,94W,,,
'01227379187,89P,,,
'01227457286,WAR,,,
'01227471074,89P,,,
'01227471980,94W,,,
'01227478896,26S,,,
'01227479658,10S,,,
'01227719848,VPT,,,
'01227719870,CSK,,,
'01227731526,TAR,,,
'01227731864,STA,,,
'01227738253,STA,,,
'01227741062,54S,,,
'01227760817,94W,,,
'01227761553,10S,,,
'01227762215,237,,,
'01227762603,01A,,,
'01227764509,124,,,
'01227764881,89T,,,
'01227767248,WAR,,,
'01227768845,26S,,,
'01227772824,18M,,,
'01227781701,89T,,,
'01227785270,26S,,,
'01233629130,CSK,,,
'01233640635,59H,,,
'01233663010,329,,,
'01233666261,329,,,
'01256702133,BYW,,,
'01256702424,BYW,,,
'01256703495,BYW,,,
'01268522762,2HE,,,
'01268523399,2HE,,,
'01268525107,2HE,,,
'01268533134,2HE,,,
'01268581638,87R,,,
'01268583092,87R,,,
'01268583634,87R,,,
'01268584347,87R,,,
'01276670403,CHC,,,
'01276676581,CHC,,,
'01303210376,CHF,,,
'01303210378,CHF,,,
'01304823072,LON,,,
'01322223335,CHD,,,
'01322226964,CHD,,,
'01322280488,CHD,,,
'01322288612,CHD,,,
'01322332163,HAI,,,
'01322332303,84B,,,
'01322332699,84B,,,
'01322332840,BRO,,,
'01322334374,07L,,,
'01322335252,HAI,,,
'01322335271,HAI,,,
'01322338106,HAI,,,
'01322338659,TTB,,,
'01322338661,TTB,,,
'01322340026,BEX,,,
'01322341162,BEX,,,
'01322342503,BEX,,,
'01322342947,04W,,,
'01322346996,BEX,,,
'01322348610,04W,,,
'01322349967,BEX,,,
'01322349980,BEX,,,
'01322351829,84B,,,
'01322359264,04W,,,
'01322359723,04W,,,
'01322432150,W2C,,,
'01322432156,W2C,,,
'01322432212,SME,,,
'01322432998,WA1,,,
'01322433513,25H,,,
'01322433878,WA1,,,
'01322434119,W1A,,,
'01322436425,W1C,,,
'01322437259,W2C,,,
'01322440663,W1A,,,
'01322440940,SME,,,
'01322445901,WA1,,,
'01322446573,WA1,,,
'01322448243,SME,,,
'01322448748,W1B,,,
'01322527199,GRA,,,
'01322553543,02L,,,
'01322555085,02L,,,
'01322559856,16D,,,
'01375483736,LE0,,,
'01375650839,LE0,,,
'01424756477,HAS,,,
'01424756688,HAS,,,
'01424756748,HAS,,,
'01474321166,CHD,,,
'01474325806,CHD,,,
'01474353741,STJ,,,
'01474369218,STJ,,,
'01474534876,CHD,,,
'01580765438,ENG,,,
'01580891007,CHA,,,
'01580893604,GWC,,,
'01580893936,GWC,,,
'01580893938,GWC,,,
'01622355300,KT0,,,
'01622609189,CCW,,,
'01622609717,CHM,,,
'01622671064,101,,,
'01622671592,296,,,
'01622674531,CSW,,,
'01622675123,CCW,,,
'01622675445,CEO,,,
'01622675880,28C,,,
'01622676552,101,,,
'01622677235,296,,,
'01622677661,CHM,,,
'01622678258,CHM,,,
'01622678733,29S,,,
'01622678737,32C,,,
'01622679246,53S,,,
'01622685813,101,,,
'01622686681,20A,,,
'01622688003,CHM,,,
'01622691172,6AB,,,
'01622691945,276,,,
'01622691950,CEO,,,
'01622692152,01M,,,
'01622693815,CEO,,,
'01622695774,CEO,,,
'01622718867,TTP,,,
'01622719570,71R,,,
'01622728155,28C,,,
'01622728168,408,,,
'01622729946,85H,,,
'01622743185,HOL,,,
'01622750548,29S,,,
'01622751799,6BS,,,
'01622755602,01M,,,
'01622756463,CEO,,,
'01622756860,CHM,,,
'01622761238,CCW,,,
'01622762285,CEO,,,
'01622762773,53S,,,
'01622763337,05H,,,
'01622764190,CEO,,,
'01622769100,CEO,,,
'01622791450,TTP,,,
'01622792570,71R,,,
'01622891067,03L,,,
'01634200335,146,,,
'01634235407,18C,,,
'01634280235,10L,,,
'01634280830,05T,,,
'01634363750,111,,,
'01634370568,102,,,
'01634404398,20P,,,
'01634582532,43N,,,
'01634671768,151,,,
'01634684899,06D,,,
'01634721289,44S,,,
'01634721296,44S,,,
'01634721298,46S,,,
'01634814816,340,,,
'01634817033,25T,,,
'01634817561,26T,,,
'01634841390,74W,,,
'01634845836,02D,,,
'01634848535,01D,,,
'01634849917,74W,,,
'01634852207,43N,,,
'01634855436,SUN,,,
'01702602009,104,,,
'01702602407,45F,,,
'01702602413,45F,,,
'01702602637,45F,,,
'01702603669,104,,,
'01702603698,104,,,
'01732849003,109,,,
'01732870045,88O,,,
'01732870067,57H,,,
'01732874295,88O,,,
'01795428595,68G,,,
'01795581792,53M,,,
'01795663098,53M,,,
'01843223906,87A,,,
'01843280892,58M,,,
'01843298992,58M,,,
'01843299741,87A,,,
'01843595617,VIC,,,
'01843596739,PUL,,,
'01843840816,37D,,,
'01843843716,37D,,,
'01843847110,VIC,,,
'01843852308,VIC,,,
'01843865514,140,,,
'01843871215,140,,,
'01892540734,BED,,,
'01892835804,LED,,,
'02072267234,FLO,,,
'02072881690,ALS,,,
'02073596070,FLO,,,
'02077040194,FLO,,,
'02077040501,FLO,,,
'02077041928,ALS,,,
'02077042306,FLO,,,
'02077046657,FLO,,,
'02083002918,ATB,,,
'02083003754,CTN,,,
'02083024619,CTN,,,
'02083024839,YOR,,,
'02083024976,CTN,,,
'02083032108,01E,,,
'02083033338,57P,,,
'02083034940,01E,,,
'02083036021,01E,,,
'02083036069,01E,,,
'02083037995,FAL,,,
'02083038171,65L,,,
'02083043285,233,,,
'02083046952,233,,,
'02083048468,FAL,,,
'02083049718,02R,,,
'02083081068,YOR,,,
'02083081132,CTN,,,
'02083081226,HO1,,,
'02083081790,HO1,,,
'02083083560,YOR,,,
'02083089150,YOR,,,
'02083090451,HO1,,,
'02083096225,HO2,,,
'02083096620,HO1,,,
'02083096742,HO1,,,
'02083096911,HO1,,,
'02083099419,HO1,,,
'02083161778,DO2,,,
'02083178829,HO2,,,
'02083315192,227,,,
'02083315193,231,,,
'02083315194,231,,,
'02083315195,235,,,
'02083315196,235,,,
'02085045205,602,,,
'02085181058,PFR,,,
'02085184508,128,,,
'02085185862,128,,,
'02085186132,128,,,
'02085205142,01H,,,
'02085205348,01H,,,
'02085230468,325,,,
'02085233264,325,,,
'02085238059,39L,,,
'02085238061,39L,,,
'02085238089,50C,,,
'02085239194,50C,,,
'02085244602,50C,,,
'02085501032,BHL,,,
'02085502422,BHL,,,
'02085564707,AUT,,,
'02085568147,AUT,,,
'02085597080,602,,,
'02085900109,CAR,,,
'02085981432,CAR,,,
'02085989108,CAR,,,
'02088508699,76F,,,
'02088556877,ACC,,,
'02088557233,ACC,,,
'02089881882,AUT,,,